{"cameraMode":{"drawMode":0,"name":"Shaded","section":"Shading Mode"},"sceneLighting":true,"audioPlay":false,"sceneViewState":{"showFog":true,"showMaterialUpdate":true,"showSkybox":true,"showFlares":true,"showImageEffects":true,"showParticleSystems":true},"in2DMode":false,"pivot":{"x":3.7386159896850588,"y":3.299945831298828,"z":-2.147416591644287},"rotation":{"x":-0.05568109080195427,"y":0.9361333250999451,"z":-0.17317737638950349,"w":-0.30100271105766299},"size":4.27229118347168,"orthographic":false}