{"cameraMode":{"drawMode":0,"name":"Shaded","section":"Shading Mode"},"sceneLighting":true,"audioPlay":false,"sceneViewState":{"showFog":false,"showMaterialUpdate":false,"showSkybox":false,"showFlares":false,"showImageEffects":false,"showParticleSystems":false},"in2DMode":false,"pivot":{"x":-9.720519065856934,"y":-4.899078369140625,"z":20.66115951538086},"rotation":{"x":-0.1980096846818924,"y":0.35573825240135195,"z":-0.07735181599855423,"w":-0.910120964050293},"size":19.077014923095704,"orthographic":false}